File accession	File format	Output type	Experiment accession	Assay	Biosample term id	Biosample term name	Biosample type	Biosample organism	Biosample treatments	Biosample treatments amount	Biosample treatments duration	Biosample genetic modifications methods	Biosample genetic modifications categories	Biosample genetic modifications targets	Biosample genetic modifications gene targets	Biosample genetic modifications site coordinates	Biosample genetic modifications zygosity	Experiment target	Library made from	Library depleted in	Library extraction method	Library lysis method	Library crosslinking method	Library strand specific	Experiment date released	Project	RBNS protein concentration	Library fragmentation method	Library size range	Biological replicate(s)	Technical replicate	Read length	Mapped read length	Run type	Paired end	Paired with	Derived from	Size	Lab	md5sum	dbxrefs	File download URL	Assembly	Genome annotation	Platform	Controlled by	File Status	s3_uri	Audit WARNING	Audit INTERNAL_ACTION	Audit NOT_COMPLIANT	Audit ERROR
ENCFF162LWE	fastq	reads	ENCSR667PLJ	shRNA knockdown followed by RNA-seq	EFO:0002067	K562	cell line	Homo sapiens				RNAi	interference						polyadenylated mRNA		Maxwell 16 LEV simpleRNA Cells Kit (Promega cat#: AS1270)			True	2015-08-18	ENCODE				1	1	100		paired-ended	1	ENCFF122FYQ		1797870798	Brenton Graveley, UConn	7ac2ba17dbc683005c2545dca50ccbe4	SRA:SRR4422081	https://www.encodeproject.org/files/ENCFF162LWE/@@download/ENCFF162LWE.fastq.gz			Illumina HiSeq 2000		released	s3://encode-public/2015/08/14/db76eb16-6642-4fe1-b9d8-d8fd1e455a13/ENCFF162LWE.fastq.gz				
ENCFF981SWJ	fastq	reads	ENCSR667PLJ	shRNA knockdown followed by RNA-seq	EFO:0002067	K562	cell line	Homo sapiens				RNAi	interference						polyadenylated mRNA		Maxwell 16 LEV simpleRNA Cells Kit (Promega cat#: AS1270)			True	2015-08-18	ENCODE				2	1	100		paired-ended	1	ENCFF087MDC		1557574796	Brenton Graveley, UConn	e1b313fa3792454888bb92610e20857c	SRA:SRR4422082	https://www.encodeproject.org/files/ENCFF981SWJ/@@download/ENCFF981SWJ.fastq.gz			Illumina HiSeq 2000		released	s3://encode-public/2015/08/14/736bad1b-2ce2-4dab-9dd7-605b0242552b/ENCFF981SWJ.fastq.gz				
ENCFF087MDC	fastq	reads	ENCSR667PLJ	shRNA knockdown followed by RNA-seq	EFO:0002067	K562	cell line	Homo sapiens				RNAi	interference						polyadenylated mRNA		Maxwell 16 LEV simpleRNA Cells Kit (Promega cat#: AS1270)			True	2015-08-18	ENCODE				2	1	100		paired-ended	2	ENCFF981SWJ		1405800869	Brenton Graveley, UConn	9dc80f38e122593ca8ae1a33c5273ad8	SRA:SRR4422082	https://www.encodeproject.org/files/ENCFF087MDC/@@download/ENCFF087MDC.fastq.gz			Illumina HiSeq 2000		released	s3://encode-public/2015/08/14/f453f4cc-8c44-4d00-b226-15823e3a7428/ENCFF087MDC.fastq.gz				
ENCFF122FYQ	fastq	reads	ENCSR667PLJ	shRNA knockdown followed by RNA-seq	EFO:0002067	K562	cell line	Homo sapiens				RNAi	interference						polyadenylated mRNA		Maxwell 16 LEV simpleRNA Cells Kit (Promega cat#: AS1270)			True	2015-08-18	ENCODE				1	1	100		paired-ended	2	ENCFF162LWE		1620140428	Brenton Graveley, UConn	a548b9e977ee4c7db8d2ce83490a4451	SRA:SRR4422081	https://www.encodeproject.org/files/ENCFF122FYQ/@@download/ENCFF122FYQ.fastq.gz			Illumina HiSeq 2000		released	s3://encode-public/2015/08/14/64777ef8-5bf1-4c6e-bf71-654d0ecc5c71/ENCFF122FYQ.fastq.gz				
ENCFF804JHE	bam	alignments	ENCSR667PLJ	shRNA knockdown followed by RNA-seq	EFO:0002067	K562	cell line	Homo sapiens				RNAi	interference						polyadenylated mRNA		Maxwell 16 LEV simpleRNA Cells Kit (Promega cat#: AS1270)			True	2015-08-18	ENCODE				2							ENCFF087MDC, ENCFF981SWJ	2323519695	Brenton Graveley, UConn	f14e222eebd2030a3da0d086acd48bf7		https://www.encodeproject.org/files/ENCFF804JHE/@@download/ENCFF804JHE.bam	hg19				released	s3://encode-public/2015/08/14/c1f8f6fa-67a3-465e-b2d5-61a4d9e2230e/ENCFF804JHE.bam				
ENCFF819ORB	bam	alignments	ENCSR667PLJ	shRNA knockdown followed by RNA-seq	EFO:0002067	K562	cell line	Homo sapiens				RNAi	interference						polyadenylated mRNA		Maxwell 16 LEV simpleRNA Cells Kit (Promega cat#: AS1270)			True	2015-08-18	ENCODE				1							ENCFF122FYQ, ENCFF162LWE	2704061451	Brenton Graveley, UConn	14d4a76c9237f92eff0e40f19ef4ffcb		https://www.encodeproject.org/files/ENCFF819ORB/@@download/ENCFF819ORB.bam	hg19				released	s3://encode-public/2015/08/14/82a1ff88-e601-4b39-b7d3-7bd0b803276f/ENCFF819ORB.bam				
ENCFF379XJZ	bigWig	minus strand signal of all reads	ENCSR667PLJ	shRNA knockdown followed by RNA-seq	EFO:0002067	K562	cell line	Homo sapiens				RNAi	interference						polyadenylated mRNA		Maxwell 16 LEV simpleRNA Cells Kit (Promega cat#: AS1270)			True	2015-08-18	ENCODE				2	1						ENCFF804JHE	53442282	Brenton Graveley, UConn	1e2c96e7bd74e4613c60100b32114a08		https://www.encodeproject.org/files/ENCFF379XJZ/@@download/ENCFF379XJZ.bigWig	hg19				released	s3://encode-public/2015/08/14/754215f3-8204-4db7-8159-937778c284fb/ENCFF379XJZ.bigWig				
ENCFF598FRA	bigWig	minus strand signal of all reads	ENCSR667PLJ	shRNA knockdown followed by RNA-seq	EFO:0002067	K562	cell line	Homo sapiens				RNAi	interference						polyadenylated mRNA		Maxwell 16 LEV simpleRNA Cells Kit (Promega cat#: AS1270)			True	2015-08-18	ENCODE				1	1						ENCFF819ORB	59049183	Brenton Graveley, UConn	fed45bd9224f2e05ad66927d4b23ef5e		https://www.encodeproject.org/files/ENCFF598FRA/@@download/ENCFF598FRA.bigWig	hg19				released	s3://encode-public/2015/08/14/410d8567-7525-4df1-a0ee-f1e68dbb5979/ENCFF598FRA.bigWig				
ENCFF229PIT	bigWig	minus strand signal of unique reads	ENCSR667PLJ	shRNA knockdown followed by RNA-seq	EFO:0002067	K562	cell line	Homo sapiens				RNAi	interference						polyadenylated mRNA		Maxwell 16 LEV simpleRNA Cells Kit (Promega cat#: AS1270)			True	2015-08-18	ENCODE				1	1						ENCFF819ORB	54777583	Brenton Graveley, UConn	6d5b77916fd2f536ff00eaf9fc06e767		https://www.encodeproject.org/files/ENCFF229PIT/@@download/ENCFF229PIT.bigWig	hg19				released	s3://encode-public/2015/08/14/9153c9a0-035a-47e2-acca-0da13aee8079/ENCFF229PIT.bigWig				
ENCFF323UDR	bigWig	minus strand signal of unique reads	ENCSR667PLJ	shRNA knockdown followed by RNA-seq	EFO:0002067	K562	cell line	Homo sapiens				RNAi	interference						polyadenylated mRNA		Maxwell 16 LEV simpleRNA Cells Kit (Promega cat#: AS1270)			True	2015-08-18	ENCODE				2	1						ENCFF804JHE	49019768	Brenton Graveley, UConn	6c6f67f8b9afa26da1c6f11c4150ee9c		https://www.encodeproject.org/files/ENCFF323UDR/@@download/ENCFF323UDR.bigWig	hg19				released	s3://encode-public/2015/08/14/908bc56f-539b-43a9-b866-7d0c8a81d1e6/ENCFF323UDR.bigWig				
ENCFF437ZPD	bigWig	plus strand signal of all reads	ENCSR667PLJ	shRNA knockdown followed by RNA-seq	EFO:0002067	K562	cell line	Homo sapiens				RNAi	interference						polyadenylated mRNA		Maxwell 16 LEV simpleRNA Cells Kit (Promega cat#: AS1270)			True	2015-08-18	ENCODE				1	1						ENCFF819ORB	60174852	Brenton Graveley, UConn	bc1c3e44bfc401f1553f8dd917fa25bf		https://www.encodeproject.org/files/ENCFF437ZPD/@@download/ENCFF437ZPD.bigWig	hg19				released	s3://encode-public/2015/08/14/b2abb5a1-6aad-4c4d-b6c0-489c470ac479/ENCFF437ZPD.bigWig				
ENCFF969UXI	bigWig	plus strand signal of all reads	ENCSR667PLJ	shRNA knockdown followed by RNA-seq	EFO:0002067	K562	cell line	Homo sapiens				RNAi	interference						polyadenylated mRNA		Maxwell 16 LEV simpleRNA Cells Kit (Promega cat#: AS1270)			True	2015-08-18	ENCODE				2	1						ENCFF804JHE	54536371	Brenton Graveley, UConn	8dfd6f88338cb183340e775983f89e38		https://www.encodeproject.org/files/ENCFF969UXI/@@download/ENCFF969UXI.bigWig	hg19				released	s3://encode-public/2015/08/14/97fb3437-ba16-4f60-9899-9b6503b18595/ENCFF969UXI.bigWig				
ENCFF655LMR	bigWig	plus strand signal of unique reads	ENCSR667PLJ	shRNA knockdown followed by RNA-seq	EFO:0002067	K562	cell line	Homo sapiens				RNAi	interference						polyadenylated mRNA		Maxwell 16 LEV simpleRNA Cells Kit (Promega cat#: AS1270)			True	2015-08-18	ENCODE				2	1						ENCFF804JHE	50528878	Brenton Graveley, UConn	1bb3bb96d018af4b9103004b88f75f01		https://www.encodeproject.org/files/ENCFF655LMR/@@download/ENCFF655LMR.bigWig	hg19				released	s3://encode-public/2015/08/14/283923e8-a987-4e17-9fab-4a1e6387edc9/ENCFF655LMR.bigWig				
ENCFF727PBZ	bigWig	plus strand signal of unique reads	ENCSR667PLJ	shRNA knockdown followed by RNA-seq	EFO:0002067	K562	cell line	Homo sapiens				RNAi	interference						polyadenylated mRNA		Maxwell 16 LEV simpleRNA Cells Kit (Promega cat#: AS1270)			True	2015-08-18	ENCODE				1	1						ENCFF819ORB	56443803	Brenton Graveley, UConn	50981f602cf6a60ed5086fbb5ddf9232		https://www.encodeproject.org/files/ENCFF727PBZ/@@download/ENCFF727PBZ.bigWig	hg19				released	s3://encode-public/2015/08/14/fa933efc-2edc-4808-8f1e-ee5a8facb721/ENCFF727PBZ.bigWig				
ENCFF678FMA	bam	alignments	ENCSR667PLJ	shRNA knockdown followed by RNA-seq	EFO:0002067	K562	cell line	Homo sapiens				RNAi	interference						polyadenylated mRNA		Maxwell 16 LEV simpleRNA Cells Kit (Promega cat#: AS1270)			True	2015-08-18	ENCODE				1							ENCFF122FYQ, ENCFF162LWE, ENCFF839KAI	3170079884	ENCODE Processing Pipeline	341ab030c44b1a9f5ff6b5803ee37437		https://www.encodeproject.org/files/ENCFF678FMA/@@download/ENCFF678FMA.bam	hg19	V19			released	s3://encode-public/2015/08/26/2391ad22-9877-4fa0-82b7-3b69f744a4dc/ENCFF678FMA.bam				
ENCFF766CFJ	bam	transcriptome alignments	ENCSR667PLJ	shRNA knockdown followed by RNA-seq	EFO:0002067	K562	cell line	Homo sapiens				RNAi	interference						polyadenylated mRNA		Maxwell 16 LEV simpleRNA Cells Kit (Promega cat#: AS1270)			True	2015-08-18	ENCODE				1							ENCFF122FYQ, ENCFF162LWE, ENCFF839KAI	3718485099	ENCODE Processing Pipeline	829a54378160001be278e5abada109ff		https://www.encodeproject.org/files/ENCFF766CFJ/@@download/ENCFF766CFJ.bam	hg19	V19			released	s3://encode-public/2015/08/26/be6758fe-b985-415f-a450-068b4939d8e6/ENCFF766CFJ.bam				
ENCFF965KEL	bam	alignments	ENCSR667PLJ	shRNA knockdown followed by RNA-seq	EFO:0002067	K562	cell line	Homo sapiens				RNAi	interference						polyadenylated mRNA		Maxwell 16 LEV simpleRNA Cells Kit (Promega cat#: AS1270)			True	2015-08-18	ENCODE				2							ENCFF087MDC, ENCFF839KAI, ENCFF981SWJ	2732427549	ENCODE Processing Pipeline	6cd07226b173c2635cb24369bc4464f4		https://www.encodeproject.org/files/ENCFF965KEL/@@download/ENCFF965KEL.bam	hg19	V19			released	s3://encode-public/2015/08/26/43995519-bb13-4acc-b750-047b2dc8ebd6/ENCFF965KEL.bam				
ENCFF449FTQ	bam	transcriptome alignments	ENCSR667PLJ	shRNA knockdown followed by RNA-seq	EFO:0002067	K562	cell line	Homo sapiens				RNAi	interference						polyadenylated mRNA		Maxwell 16 LEV simpleRNA Cells Kit (Promega cat#: AS1270)			True	2015-08-18	ENCODE				2							ENCFF087MDC, ENCFF839KAI, ENCFF981SWJ	3211705802	ENCODE Processing Pipeline	436223e15481184127db7bad3c85b6c0		https://www.encodeproject.org/files/ENCFF449FTQ/@@download/ENCFF449FTQ.bam	hg19	V19			released	s3://encode-public/2015/08/26/848ca1d2-0b5c-4c0b-b5d1-4a7c58a857a7/ENCFF449FTQ.bam				
ENCFF322VBG	bigWig	minus strand signal of unique reads	ENCSR667PLJ	shRNA knockdown followed by RNA-seq	EFO:0002067	K562	cell line	Homo sapiens				RNAi	interference						polyadenylated mRNA		Maxwell 16 LEV simpleRNA Cells Kit (Promega cat#: AS1270)			True	2015-08-18	ENCODE				1							ENCFF678FMA	61391832	ENCODE Processing Pipeline	8deefaaa7cb76e93da62d4ab0b670698		https://www.encodeproject.org/files/ENCFF322VBG/@@download/ENCFF322VBG.bigWig	hg19	V19			released	s3://encode-public/2015/08/26/494b3876-bfcc-4126-b97a-ad1d117076ef/ENCFF322VBG.bigWig				
ENCFF972DZJ	bigWig	plus strand signal of unique reads	ENCSR667PLJ	shRNA knockdown followed by RNA-seq	EFO:0002067	K562	cell line	Homo sapiens				RNAi	interference						polyadenylated mRNA		Maxwell 16 LEV simpleRNA Cells Kit (Promega cat#: AS1270)			True	2015-08-18	ENCODE				1							ENCFF678FMA	63064412	ENCODE Processing Pipeline	1ca025cf6e64539ba37e3a62cf198172		https://www.encodeproject.org/files/ENCFF972DZJ/@@download/ENCFF972DZJ.bigWig	hg19	V19			released	s3://encode-public/2015/08/26/a2ad0516-0b79-4da0-8949-77fd7925913a/ENCFF972DZJ.bigWig				
ENCFF117XMT	bigWig	plus strand signal of all reads	ENCSR667PLJ	shRNA knockdown followed by RNA-seq	EFO:0002067	K562	cell line	Homo sapiens				RNAi	interference						polyadenylated mRNA		Maxwell 16 LEV simpleRNA Cells Kit (Promega cat#: AS1270)			True	2015-08-18	ENCODE				1							ENCFF678FMA	69431324	ENCODE Processing Pipeline	08c226c52581ae0d014c5a4674b2733c		https://www.encodeproject.org/files/ENCFF117XMT/@@download/ENCFF117XMT.bigWig	hg19	V19			released	s3://encode-public/2015/08/26/e11798b3-c720-453e-abc0-4ea85fd16bc7/ENCFF117XMT.bigWig				
ENCFF134AJK	bigWig	minus strand signal of all reads	ENCSR667PLJ	shRNA knockdown followed by RNA-seq	EFO:0002067	K562	cell line	Homo sapiens				RNAi	interference						polyadenylated mRNA		Maxwell 16 LEV simpleRNA Cells Kit (Promega cat#: AS1270)			True	2015-08-18	ENCODE				1							ENCFF678FMA	68509249	ENCODE Processing Pipeline	a2fb0bb38c4d2a64976a09055a1514b2		https://www.encodeproject.org/files/ENCFF134AJK/@@download/ENCFF134AJK.bigWig	hg19	V19			released	s3://encode-public/2015/08/26/4e794151-521d-4cbf-a265-0a9a9383ea55/ENCFF134AJK.bigWig				
ENCFF258BWI	bigWig	minus strand signal of unique reads	ENCSR667PLJ	shRNA knockdown followed by RNA-seq	EFO:0002067	K562	cell line	Homo sapiens				RNAi	interference						polyadenylated mRNA		Maxwell 16 LEV simpleRNA Cells Kit (Promega cat#: AS1270)			True	2015-08-18	ENCODE				2							ENCFF965KEL	55017989	ENCODE Processing Pipeline	6df98dd94e5bd0b18555d699e7e3c50c		https://www.encodeproject.org/files/ENCFF258BWI/@@download/ENCFF258BWI.bigWig	hg19	V19			released	s3://encode-public/2015/08/26/6f9118e9-d338-40ea-b241-a98070b83da5/ENCFF258BWI.bigWig				
ENCFF017JMT	bigWig	plus strand signal of all reads	ENCSR667PLJ	shRNA knockdown followed by RNA-seq	EFO:0002067	K562	cell line	Homo sapiens				RNAi	interference						polyadenylated mRNA		Maxwell 16 LEV simpleRNA Cells Kit (Promega cat#: AS1270)			True	2015-08-18	ENCODE				2							ENCFF965KEL	62501601	ENCODE Processing Pipeline	75d31bf4e0e10310936e302c1e23ec7c		https://www.encodeproject.org/files/ENCFF017JMT/@@download/ENCFF017JMT.bigWig	hg19	V19			released	s3://encode-public/2015/08/26/1466f1f7-398e-42db-8892-fd56062db68d/ENCFF017JMT.bigWig				
ENCFF432XKQ	bigWig	plus strand signal of unique reads	ENCSR667PLJ	shRNA knockdown followed by RNA-seq	EFO:0002067	K562	cell line	Homo sapiens				RNAi	interference						polyadenylated mRNA		Maxwell 16 LEV simpleRNA Cells Kit (Promega cat#: AS1270)			True	2015-08-18	ENCODE				2							ENCFF965KEL	56582828	ENCODE Processing Pipeline	d8cbfdba10bf87b757193553e8b84de7		https://www.encodeproject.org/files/ENCFF432XKQ/@@download/ENCFF432XKQ.bigWig	hg19	V19			released	s3://encode-public/2015/08/26/3f38cf31-6321-4d05-a836-0b00af7d90bb/ENCFF432XKQ.bigWig				
ENCFF374VOE	bigWig	minus strand signal of all reads	ENCSR667PLJ	shRNA knockdown followed by RNA-seq	EFO:0002067	K562	cell line	Homo sapiens				RNAi	interference						polyadenylated mRNA		Maxwell 16 LEV simpleRNA Cells Kit (Promega cat#: AS1270)			True	2015-08-18	ENCODE				2							ENCFF965KEL	61630467	ENCODE Processing Pipeline	9caa62ea201b5e1750080a3d417c88b7		https://www.encodeproject.org/files/ENCFF374VOE/@@download/ENCFF374VOE.bigWig	hg19	V19			released	s3://encode-public/2015/08/26/d79a1194-90a8-4882-ac90-5c89ea5e7794/ENCFF374VOE.bigWig				
ENCFF140KPE	tsv	gene quantifications	ENCSR667PLJ	shRNA knockdown followed by RNA-seq	EFO:0002067	K562	cell line	Homo sapiens				RNAi	interference						polyadenylated mRNA		Maxwell 16 LEV simpleRNA Cells Kit (Promega cat#: AS1270)			True	2015-08-18	ENCODE				1							ENCFF766CFJ, ENCFF826ONU	9513009	ENCODE Processing Pipeline	4c9d47c0d79569f773c7bb67fd4e45d2		https://www.encodeproject.org/files/ENCFF140KPE/@@download/ENCFF140KPE.tsv	hg19	V19			released	s3://encode-public/2015/08/26/8e966feb-f4f6-44eb-93e5-a651ac4b4da1/ENCFF140KPE.tsv				
ENCFF966NPU	tsv	transcript quantifications	ENCSR667PLJ	shRNA knockdown followed by RNA-seq	EFO:0002067	K562	cell line	Homo sapiens				RNAi	interference						polyadenylated mRNA		Maxwell 16 LEV simpleRNA Cells Kit (Promega cat#: AS1270)			True	2015-08-18	ENCODE				1							ENCFF766CFJ, ENCFF826ONU	26057297	ENCODE Processing Pipeline	b2c75a7bf5589a8f9efa4726ec487e67		https://www.encodeproject.org/files/ENCFF966NPU/@@download/ENCFF966NPU.tsv	hg19	V19			released	s3://encode-public/2015/08/26/3d999f96-0170-4319-89a7-bc0e136e57fd/ENCFF966NPU.tsv				
ENCFF015IHM	tsv	gene quantifications	ENCSR667PLJ	shRNA knockdown followed by RNA-seq	EFO:0002067	K562	cell line	Homo sapiens				RNAi	interference						polyadenylated mRNA		Maxwell 16 LEV simpleRNA Cells Kit (Promega cat#: AS1270)			True	2015-08-18	ENCODE				2							ENCFF449FTQ, ENCFF826ONU	9511930	ENCODE Processing Pipeline	e8d1199f70a4a1d3c1bb62cf920a5c44		https://www.encodeproject.org/files/ENCFF015IHM/@@download/ENCFF015IHM.tsv	hg19	V19			released	s3://encode-public/2015/08/26/aefad282-55e5-4a06-98f2-af54c5babfe2/ENCFF015IHM.tsv				
ENCFF459MUF	tsv	transcript quantifications	ENCSR667PLJ	shRNA knockdown followed by RNA-seq	EFO:0002067	K562	cell line	Homo sapiens				RNAi	interference						polyadenylated mRNA		Maxwell 16 LEV simpleRNA Cells Kit (Promega cat#: AS1270)			True	2015-08-18	ENCODE				2							ENCFF449FTQ, ENCFF826ONU	26058562	ENCODE Processing Pipeline	522050092b2f1d6213e7a606cb9af8e1		https://www.encodeproject.org/files/ENCFF459MUF/@@download/ENCFF459MUF.tsv	hg19	V19			released	s3://encode-public/2015/08/26/dfd9a575-a4ab-4faa-8921-508274423621/ENCFF459MUF.tsv				
ENCFF911ABT	bam	alignments	ENCSR667PLJ	shRNA knockdown followed by RNA-seq	EFO:0002067	K562	cell line	Homo sapiens				RNAi	interference						polyadenylated mRNA		Maxwell 16 LEV simpleRNA Cells Kit (Promega cat#: AS1270)			True	2015-08-18	ENCODE				1							ENCFF122FYQ, ENCFF162LWE, ENCFF700TXC	2702984402	ENCODE Processing Pipeline	f445dae75ef5fe00c9aab2306dc0e5eb		https://www.encodeproject.org/files/ENCFF911ABT/@@download/ENCFF911ABT.bam	hg19	V19			released	s3://encode-public/2015/08/31/cd91197d-f463-4457-8492-603201271964/ENCFF911ABT.bam				
ENCFF234UJB	bam	alignments	ENCSR667PLJ	shRNA knockdown followed by RNA-seq	EFO:0002067	K562	cell line	Homo sapiens				RNAi	interference						polyadenylated mRNA		Maxwell 16 LEV simpleRNA Cells Kit (Promega cat#: AS1270)			True	2015-08-18	ENCODE				2							ENCFF087MDC, ENCFF700TXC, ENCFF981SWJ	2322917860	ENCODE Processing Pipeline	2f450bb8792a48115402d825ef873c8b		https://www.encodeproject.org/files/ENCFF234UJB/@@download/ENCFF234UJB.bam	hg19	V19			released	s3://encode-public/2015/08/31/a2c6247d-fb51-43ca-a741-81f7e486d05f/ENCFF234UJB.bam				
ENCFF260CEW	bigWig	minus strand signal of unique reads	ENCSR667PLJ	shRNA knockdown followed by RNA-seq	EFO:0002067	K562	cell line	Homo sapiens				RNAi	interference						polyadenylated mRNA		Maxwell 16 LEV simpleRNA Cells Kit (Promega cat#: AS1270)			True	2015-08-18	ENCODE				1							ENCFF911ABT	58312290	ENCODE Processing Pipeline	54fd5df3bffcd4be2fb186d1f75111b6		https://www.encodeproject.org/files/ENCFF260CEW/@@download/ENCFF260CEW.bigWig	hg19	V19			released	s3://encode-public/2015/08/31/12efb212-2561-463f-b47f-8f31b7e9fc9a/ENCFF260CEW.bigWig				
ENCFF159DUP	bigWig	plus strand signal of unique reads	ENCSR667PLJ	shRNA knockdown followed by RNA-seq	EFO:0002067	K562	cell line	Homo sapiens				RNAi	interference						polyadenylated mRNA		Maxwell 16 LEV simpleRNA Cells Kit (Promega cat#: AS1270)			True	2015-08-18	ENCODE				1							ENCFF911ABT	59895019	ENCODE Processing Pipeline	7ea883a569985b0b44ad446b08f35df5		https://www.encodeproject.org/files/ENCFF159DUP/@@download/ENCFF159DUP.bigWig	hg19	V19			released	s3://encode-public/2015/08/31/8fa04900-3db6-4f87-a1e6-04da821519f2/ENCFF159DUP.bigWig				
ENCFF645EBG	bigWig	plus strand signal of all reads	ENCSR667PLJ	shRNA knockdown followed by RNA-seq	EFO:0002067	K562	cell line	Homo sapiens				RNAi	interference						polyadenylated mRNA		Maxwell 16 LEV simpleRNA Cells Kit (Promega cat#: AS1270)			True	2015-08-18	ENCODE				1							ENCFF911ABT	65092775	ENCODE Processing Pipeline	ce33b9a36d3d9c54d2fc4715948066f9		https://www.encodeproject.org/files/ENCFF645EBG/@@download/ENCFF645EBG.bigWig	hg19	V19			released	s3://encode-public/2015/08/31/d04e6898-29b6-4208-8379-bbd723728972/ENCFF645EBG.bigWig				
ENCFF119DIN	bigWig	minus strand signal of all reads	ENCSR667PLJ	shRNA knockdown followed by RNA-seq	EFO:0002067	K562	cell line	Homo sapiens				RNAi	interference						polyadenylated mRNA		Maxwell 16 LEV simpleRNA Cells Kit (Promega cat#: AS1270)			True	2015-08-18	ENCODE				1							ENCFF911ABT	63950190	ENCODE Processing Pipeline	21734dd3d226c01a332cf28947acc550		https://www.encodeproject.org/files/ENCFF119DIN/@@download/ENCFF119DIN.bigWig	hg19	V19			released	s3://encode-public/2015/08/31/2d6419ef-eb7a-43ca-bffe-fb675b40d780/ENCFF119DIN.bigWig				
ENCFF464FLL	bigWig	minus strand signal of unique reads	ENCSR667PLJ	shRNA knockdown followed by RNA-seq	EFO:0002067	K562	cell line	Homo sapiens				RNAi	interference						polyadenylated mRNA		Maxwell 16 LEV simpleRNA Cells Kit (Promega cat#: AS1270)			True	2015-08-18	ENCODE				2							ENCFF234UJB	52083305	ENCODE Processing Pipeline	c5f90e28a6ee0a930b0417d55dbbf39d		https://www.encodeproject.org/files/ENCFF464FLL/@@download/ENCFF464FLL.bigWig	hg19	V19			released	s3://encode-public/2015/08/31/4a897ffb-e3a8-4562-9fe7-49422e33ac42/ENCFF464FLL.bigWig				
ENCFF978NUA	bigWig	plus strand signal of unique reads	ENCSR667PLJ	shRNA knockdown followed by RNA-seq	EFO:0002067	K562	cell line	Homo sapiens				RNAi	interference						polyadenylated mRNA		Maxwell 16 LEV simpleRNA Cells Kit (Promega cat#: AS1270)			True	2015-08-18	ENCODE				2							ENCFF234UJB	53526958	ENCODE Processing Pipeline	8ce2bef016bb973884eb719679474927		https://www.encodeproject.org/files/ENCFF978NUA/@@download/ENCFF978NUA.bigWig	hg19	V19			released	s3://encode-public/2015/08/31/594b7e28-b0e5-4f6a-a4bc-406541706e1f/ENCFF978NUA.bigWig				
ENCFF267XFW	bigWig	plus strand signal of all reads	ENCSR667PLJ	shRNA knockdown followed by RNA-seq	EFO:0002067	K562	cell line	Homo sapiens				RNAi	interference						polyadenylated mRNA		Maxwell 16 LEV simpleRNA Cells Kit (Promega cat#: AS1270)			True	2015-08-18	ENCODE				2							ENCFF234UJB	57682827	ENCODE Processing Pipeline	2eb67eeda3c4d388e7729242a219e75c		https://www.encodeproject.org/files/ENCFF267XFW/@@download/ENCFF267XFW.bigWig	hg19	V19			released	s3://encode-public/2015/08/31/6a63966f-a08c-4dd3-b79f-13cf4bd09a48/ENCFF267XFW.bigWig				
ENCFF870RDO	bigWig	minus strand signal of all reads	ENCSR667PLJ	shRNA knockdown followed by RNA-seq	EFO:0002067	K562	cell line	Homo sapiens				RNAi	interference						polyadenylated mRNA		Maxwell 16 LEV simpleRNA Cells Kit (Promega cat#: AS1270)			True	2015-08-18	ENCODE				2							ENCFF234UJB	56604229	ENCODE Processing Pipeline	f87b5c981f760b4b93e026cc3e115a9c		https://www.encodeproject.org/files/ENCFF870RDO/@@download/ENCFF870RDO.bigWig	hg19	V19			released	s3://encode-public/2015/08/31/cce41853-9b70-46c5-be69-fb0439f8a878/ENCFF870RDO.bigWig				
ENCFF214SQV	bam	alignments	ENCSR667PLJ	shRNA knockdown followed by RNA-seq	EFO:0002067	K562	cell line	Homo sapiens				RNAi	interference						polyadenylated mRNA		Maxwell 16 LEV simpleRNA Cells Kit (Promega cat#: AS1270)			True	2015-08-18	ENCODE				1							ENCFF122FYQ, ENCFF162LWE, ENCFF751OWT	2708006980	ENCODE Processing Pipeline	ed2cb515aba87cbfd730eb5054ba3333		https://www.encodeproject.org/files/ENCFF214SQV/@@download/ENCFF214SQV.bam	GRCh38	V24			released	s3://encode-public/2016/03/11/646a3b00-0c90-4f70-9645-a569d5b4a0ad/ENCFF214SQV.bam				
ENCFF125PXK	bam	alignments	ENCSR667PLJ	shRNA knockdown followed by RNA-seq	EFO:0002067	K562	cell line	Homo sapiens				RNAi	interference						polyadenylated mRNA		Maxwell 16 LEV simpleRNA Cells Kit (Promega cat#: AS1270)			True	2015-08-18	ENCODE				2							ENCFF087MDC, ENCFF751OWT, ENCFF981SWJ	2343469933	ENCODE Processing Pipeline	92642abb96313dc68daf86770dd2aa42		https://www.encodeproject.org/files/ENCFF125PXK/@@download/ENCFF125PXK.bam	GRCh38	V24			released	s3://encode-public/2016/03/11/76d6c866-06ed-4440-bf96-3a6e56b0b03b/ENCFF125PXK.bam				
ENCFF901DXT	bigWig	plus strand signal of unique reads	ENCSR667PLJ	shRNA knockdown followed by RNA-seq	EFO:0002067	K562	cell line	Homo sapiens				RNAi	interference						polyadenylated mRNA		Maxwell 16 LEV simpleRNA Cells Kit (Promega cat#: AS1270)			True	2015-08-18	ENCODE				1							ENCFF214SQV	59424468	ENCODE Processing Pipeline	47e1e4982e8c06da2f2c782a464c6cfb		https://www.encodeproject.org/files/ENCFF901DXT/@@download/ENCFF901DXT.bigWig	GRCh38	V24			released	s3://encode-public/2016/03/11/79295c1a-60ba-4fb0-8090-69a706c4d636/ENCFF901DXT.bigWig				
ENCFF017MAM	bigWig	plus strand signal of unique reads	ENCSR667PLJ	shRNA knockdown followed by RNA-seq	EFO:0002067	K562	cell line	Homo sapiens				RNAi	interference						polyadenylated mRNA		Maxwell 16 LEV simpleRNA Cells Kit (Promega cat#: AS1270)			True	2015-08-18	ENCODE				2							ENCFF125PXK	53481081	ENCODE Processing Pipeline	714e2ba1949a90a24033a76d1d56ade2		https://www.encodeproject.org/files/ENCFF017MAM/@@download/ENCFF017MAM.bigWig	GRCh38	V24			released	s3://encode-public/2016/03/11/04c5ac86-9e22-4611-b235-a82c128d11de/ENCFF017MAM.bigWig				
ENCFF660SQX	bigWig	plus strand signal of all reads	ENCSR667PLJ	shRNA knockdown followed by RNA-seq	EFO:0002067	K562	cell line	Homo sapiens				RNAi	interference						polyadenylated mRNA		Maxwell 16 LEV simpleRNA Cells Kit (Promega cat#: AS1270)			True	2015-08-18	ENCODE				1							ENCFF214SQV	63146590	ENCODE Processing Pipeline	d02b029573d6eef1d142347b765462b3		https://www.encodeproject.org/files/ENCFF660SQX/@@download/ENCFF660SQX.bigWig	GRCh38	V24			released	s3://encode-public/2016/03/11/3608bd6e-99a5-402d-85ca-301e2f21005b/ENCFF660SQX.bigWig				
ENCFF151GVS	bigWig	minus strand signal of unique reads	ENCSR667PLJ	shRNA knockdown followed by RNA-seq	EFO:0002067	K562	cell line	Homo sapiens				RNAi	interference						polyadenylated mRNA		Maxwell 16 LEV simpleRNA Cells Kit (Promega cat#: AS1270)			True	2015-08-18	ENCODE				1							ENCFF214SQV	58124922	ENCODE Processing Pipeline	81181422c95ce27780e47bbe8c4b4459		https://www.encodeproject.org/files/ENCFF151GVS/@@download/ENCFF151GVS.bigWig	GRCh38	V24			released	s3://encode-public/2016/03/11/e294a47f-4302-41ae-a875-e427e200b18a/ENCFF151GVS.bigWig				
ENCFF614DYJ	bigWig	minus strand signal of all reads	ENCSR667PLJ	shRNA knockdown followed by RNA-seq	EFO:0002067	K562	cell line	Homo sapiens				RNAi	interference						polyadenylated mRNA		Maxwell 16 LEV simpleRNA Cells Kit (Promega cat#: AS1270)			True	2015-08-18	ENCODE				1							ENCFF214SQV	62382827	ENCODE Processing Pipeline	e0f4e0f83aeb2a704f40b41ea397a6c8		https://www.encodeproject.org/files/ENCFF614DYJ/@@download/ENCFF614DYJ.bigWig	GRCh38	V24			released	s3://encode-public/2016/03/11/b7124dfb-1c58-4892-a75b-158944bc4e2c/ENCFF614DYJ.bigWig				
ENCFF272UDH	bigWig	plus strand signal of all reads	ENCSR667PLJ	shRNA knockdown followed by RNA-seq	EFO:0002067	K562	cell line	Homo sapiens				RNAi	interference						polyadenylated mRNA		Maxwell 16 LEV simpleRNA Cells Kit (Promega cat#: AS1270)			True	2015-08-18	ENCODE				2							ENCFF125PXK	57122033	ENCODE Processing Pipeline	c5b54e8903d09af27c2566b989d587e7		https://www.encodeproject.org/files/ENCFF272UDH/@@download/ENCFF272UDH.bigWig	GRCh38	V24			released	s3://encode-public/2016/03/11/a7df116e-fba2-4f1e-a82b-c5a079277695/ENCFF272UDH.bigWig				
ENCFF292FBD	bigWig	minus strand signal of unique reads	ENCSR667PLJ	shRNA knockdown followed by RNA-seq	EFO:0002067	K562	cell line	Homo sapiens				RNAi	interference						polyadenylated mRNA		Maxwell 16 LEV simpleRNA Cells Kit (Promega cat#: AS1270)			True	2015-08-18	ENCODE				2							ENCFF125PXK	52264579	ENCODE Processing Pipeline	c538b6424c3e6caa90fd994f8e521c9e		https://www.encodeproject.org/files/ENCFF292FBD/@@download/ENCFF292FBD.bigWig	GRCh38	V24			released	s3://encode-public/2016/03/11/019aff23-05f5-436a-a978-2bc5a8bbf6c9/ENCFF292FBD.bigWig				
ENCFF461VKW	bigWig	minus strand signal of all reads	ENCSR667PLJ	shRNA knockdown followed by RNA-seq	EFO:0002067	K562	cell line	Homo sapiens				RNAi	interference						polyadenylated mRNA		Maxwell 16 LEV simpleRNA Cells Kit (Promega cat#: AS1270)			True	2015-08-18	ENCODE				2							ENCFF125PXK	56362450	ENCODE Processing Pipeline	30bad6edda6ec988a7f5a2b039bc0c81		https://www.encodeproject.org/files/ENCFF461VKW/@@download/ENCFF461VKW.bigWig	GRCh38	V24			released	s3://encode-public/2016/03/11/a70f36e1-2fd7-43ab-80ae-b5fc3563a4e0/ENCFF461VKW.bigWig				
ENCFF810TKP	bam	transcriptome alignments	ENCSR667PLJ	shRNA knockdown followed by RNA-seq	EFO:0002067	K562	cell line	Homo sapiens				RNAi	interference						polyadenylated mRNA		Maxwell 16 LEV simpleRNA Cells Kit (Promega cat#: AS1270)			True	2015-08-18	ENCODE				1							ENCFF122FYQ, ENCFF162LWE, ENCFF742NER	3743247069	ENCODE Processing Pipeline	01c3340b5cbc6a2aa04d39cff0bcdb7d		https://www.encodeproject.org/files/ENCFF810TKP/@@download/ENCFF810TKP.bam	GRCh38	V24			released	s3://encode-public/2016/03/11/79f3ce1c-dba0-43af-ba8a-c15868f518e4/ENCFF810TKP.bam				
ENCFF549AUI	bam	alignments	ENCSR667PLJ	shRNA knockdown followed by RNA-seq	EFO:0002067	K562	cell line	Homo sapiens				RNAi	interference						polyadenylated mRNA		Maxwell 16 LEV simpleRNA Cells Kit (Promega cat#: AS1270)			True	2015-08-18	ENCODE				1							ENCFF122FYQ, ENCFF162LWE, ENCFF742NER	3214569634	ENCODE Processing Pipeline	22bec53e352a545a4c195f010f08a68f		https://www.encodeproject.org/files/ENCFF549AUI/@@download/ENCFF549AUI.bam	GRCh38	V24			released	s3://encode-public/2016/03/11/54ea08eb-438b-4fb0-be3e-f2ff364bf349/ENCFF549AUI.bam				
ENCFF761SAC	bam	alignments	ENCSR667PLJ	shRNA knockdown followed by RNA-seq	EFO:0002067	K562	cell line	Homo sapiens				RNAi	interference						polyadenylated mRNA		Maxwell 16 LEV simpleRNA Cells Kit (Promega cat#: AS1270)			True	2015-08-18	ENCODE				2							ENCFF087MDC, ENCFF742NER, ENCFF981SWJ	2791300085	ENCODE Processing Pipeline	fd4fefaa33ec0678830cca9de8a7d88f		https://www.encodeproject.org/files/ENCFF761SAC/@@download/ENCFF761SAC.bam	GRCh38	V24			released	s3://encode-public/2016/03/11/4d781a92-99e6-40e7-be18-a47155a67572/ENCFF761SAC.bam				
ENCFF302RWW	bigWig	minus strand signal of unique reads	ENCSR667PLJ	shRNA knockdown followed by RNA-seq	EFO:0002067	K562	cell line	Homo sapiens				RNAi	interference						polyadenylated mRNA		Maxwell 16 LEV simpleRNA Cells Kit (Promega cat#: AS1270)			True	2015-08-18	ENCODE				1							ENCFF549AUI	61586362	ENCODE Processing Pipeline	9024f36e81d7540ba30a80fc53571397		https://www.encodeproject.org/files/ENCFF302RWW/@@download/ENCFF302RWW.bigWig	GRCh38	V24			released	s3://encode-public/2016/03/11/46d370ca-5691-4dde-8705-25b8e2c3dbac/ENCFF302RWW.bigWig				
ENCFF639OJN	bigWig	plus strand signal of unique reads	ENCSR667PLJ	shRNA knockdown followed by RNA-seq	EFO:0002067	K562	cell line	Homo sapiens				RNAi	interference						polyadenylated mRNA		Maxwell 16 LEV simpleRNA Cells Kit (Promega cat#: AS1270)			True	2015-08-18	ENCODE				1							ENCFF549AUI	63111852	ENCODE Processing Pipeline	cf4f87f769412ea79b7977ad91571ae6		https://www.encodeproject.org/files/ENCFF639OJN/@@download/ENCFF639OJN.bigWig	GRCh38	V24			released	s3://encode-public/2016/03/11/36031e06-95f1-41e8-b7f0-24c0c1eeafa9/ENCFF639OJN.bigWig				
ENCFF153RLI	bigWig	plus strand signal of all reads	ENCSR667PLJ	shRNA knockdown followed by RNA-seq	EFO:0002067	K562	cell line	Homo sapiens				RNAi	interference						polyadenylated mRNA		Maxwell 16 LEV simpleRNA Cells Kit (Promega cat#: AS1270)			True	2015-08-18	ENCODE				1							ENCFF549AUI	70843584	ENCODE Processing Pipeline	9b0b29cd2ef1608c5e707f8b0fd9c165		https://www.encodeproject.org/files/ENCFF153RLI/@@download/ENCFF153RLI.bigWig	GRCh38	V24			released	s3://encode-public/2016/03/11/a0c11f90-4a82-4b33-8a78-0b94cac8baee/ENCFF153RLI.bigWig				
ENCFF345GEG	bam	transcriptome alignments	ENCSR667PLJ	shRNA knockdown followed by RNA-seq	EFO:0002067	K562	cell line	Homo sapiens				RNAi	interference						polyadenylated mRNA		Maxwell 16 LEV simpleRNA Cells Kit (Promega cat#: AS1270)			True	2015-08-18	ENCODE				2							ENCFF087MDC, ENCFF742NER, ENCFF981SWJ	3229907932	ENCODE Processing Pipeline	2374ef61b597b4321818ddbb9ba99c11		https://www.encodeproject.org/files/ENCFF345GEG/@@download/ENCFF345GEG.bam	GRCh38	V24			released	s3://encode-public/2016/03/11/d4bedfff-0d20-4bc0-9677-ea2aea292b77/ENCFF345GEG.bam				
ENCFF614DCM	bigWig	minus strand signal of unique reads	ENCSR667PLJ	shRNA knockdown followed by RNA-seq	EFO:0002067	K562	cell line	Homo sapiens				RNAi	interference						polyadenylated mRNA		Maxwell 16 LEV simpleRNA Cells Kit (Promega cat#: AS1270)			True	2015-08-18	ENCODE				2							ENCFF761SAC	55447802	ENCODE Processing Pipeline	10753b8f7b2735c2395e1fb9199a58f0		https://www.encodeproject.org/files/ENCFF614DCM/@@download/ENCFF614DCM.bigWig	GRCh38	V24			released	s3://encode-public/2016/03/11/de562e4a-e4fe-4a82-8453-f8bf5187a312/ENCFF614DCM.bigWig				
ENCFF174PJH	bigWig	minus strand signal of all reads	ENCSR667PLJ	shRNA knockdown followed by RNA-seq	EFO:0002067	K562	cell line	Homo sapiens				RNAi	interference						polyadenylated mRNA		Maxwell 16 LEV simpleRNA Cells Kit (Promega cat#: AS1270)			True	2015-08-18	ENCODE				1							ENCFF549AUI	69995049	ENCODE Processing Pipeline	37d3c05824a7cd2bf7e2354c1edbcc5e		https://www.encodeproject.org/files/ENCFF174PJH/@@download/ENCFF174PJH.bigWig	GRCh38	V24			released	s3://encode-public/2016/03/11/07859238-e215-4ceb-8bc4-c681ad6f42c8/ENCFF174PJH.bigWig				
ENCFF661FZP	bigWig	minus strand signal of all reads	ENCSR667PLJ	shRNA knockdown followed by RNA-seq	EFO:0002067	K562	cell line	Homo sapiens				RNAi	interference						polyadenylated mRNA		Maxwell 16 LEV simpleRNA Cells Kit (Promega cat#: AS1270)			True	2015-08-18	ENCODE				2							ENCFF761SAC	62850832	ENCODE Processing Pipeline	c5d0640885be7a7eeec5b2cfaa1fa515		https://www.encodeproject.org/files/ENCFF661FZP/@@download/ENCFF661FZP.bigWig	GRCh38	V24			released	s3://encode-public/2016/03/11/3bb2d42e-0b1a-4a96-b045-2d4f0d3b81ee/ENCFF661FZP.bigWig				
ENCFF007KKL	bigWig	plus strand signal of unique reads	ENCSR667PLJ	shRNA knockdown followed by RNA-seq	EFO:0002067	K562	cell line	Homo sapiens				RNAi	interference						polyadenylated mRNA		Maxwell 16 LEV simpleRNA Cells Kit (Promega cat#: AS1270)			True	2015-08-18	ENCODE				2							ENCFF761SAC	56883791	ENCODE Processing Pipeline	f88787481b72e76c7e68333f51110e7e		https://www.encodeproject.org/files/ENCFF007KKL/@@download/ENCFF007KKL.bigWig	GRCh38	V24			released	s3://encode-public/2016/03/11/27de5d57-9740-45ec-9a8a-abeaaf2c7ebb/ENCFF007KKL.bigWig				
ENCFF823ZIM	bigWig	plus strand signal of all reads	ENCSR667PLJ	shRNA knockdown followed by RNA-seq	EFO:0002067	K562	cell line	Homo sapiens				RNAi	interference						polyadenylated mRNA		Maxwell 16 LEV simpleRNA Cells Kit (Promega cat#: AS1270)			True	2015-08-18	ENCODE				2							ENCFF761SAC	63681388	ENCODE Processing Pipeline	7905943c20197bf0244d7ebcfe00e936		https://www.encodeproject.org/files/ENCFF823ZIM/@@download/ENCFF823ZIM.bigWig	GRCh38	V24			released	s3://encode-public/2016/03/11/49debc72-8963-4784-80ef-84547165b496/ENCFF823ZIM.bigWig				
ENCFF439FIP	tsv	gene quantifications	ENCSR667PLJ	shRNA knockdown followed by RNA-seq	EFO:0002067	K562	cell line	Homo sapiens				RNAi	interference						polyadenylated mRNA		Maxwell 16 LEV simpleRNA Cells Kit (Promega cat#: AS1270)			True	2015-08-18	ENCODE				1							ENCFF810TKP, ENCFF940AZB	9887105	ENCODE Processing Pipeline	71401cb886cbdf19433831f6785c7d37		https://www.encodeproject.org/files/ENCFF439FIP/@@download/ENCFF439FIP.tsv	GRCh38	V24			released	s3://encode-public/2016/03/11/9e58dee5-8872-4564-b6de-f98d6bc778e1/ENCFF439FIP.tsv				
ENCFF702YIW	tsv	gene quantifications	ENCSR667PLJ	shRNA knockdown followed by RNA-seq	EFO:0002067	K562	cell line	Homo sapiens				RNAi	interference						polyadenylated mRNA		Maxwell 16 LEV simpleRNA Cells Kit (Promega cat#: AS1270)			True	2015-08-18	ENCODE				2							ENCFF345GEG, ENCFF940AZB	9886631	ENCODE Processing Pipeline	e5fca057685d9c7bdfde420b30cdf2b0		https://www.encodeproject.org/files/ENCFF702YIW/@@download/ENCFF702YIW.tsv	GRCh38	V24			released	s3://encode-public/2016/03/11/87427667-e509-42e7-8e1f-3abfc14a25c8/ENCFF702YIW.tsv				
ENCFF711LIA	tsv	transcript quantifications	ENCSR667PLJ	shRNA knockdown followed by RNA-seq	EFO:0002067	K562	cell line	Homo sapiens				RNAi	interference						polyadenylated mRNA		Maxwell 16 LEV simpleRNA Cells Kit (Promega cat#: AS1270)			True	2015-08-18	ENCODE				2							ENCFF345GEG, ENCFF940AZB	26504902	ENCODE Processing Pipeline	3b5f2a809d7c4f020d45470c97772c3d		https://www.encodeproject.org/files/ENCFF711LIA/@@download/ENCFF711LIA.tsv	GRCh38	V24			released	s3://encode-public/2016/03/11/764f361a-0cf7-40a1-be2d-615f46fe9afd/ENCFF711LIA.tsv				
ENCFF305LMQ	tsv	transcript quantifications	ENCSR667PLJ	shRNA knockdown followed by RNA-seq	EFO:0002067	K562	cell line	Homo sapiens				RNAi	interference						polyadenylated mRNA		Maxwell 16 LEV simpleRNA Cells Kit (Promega cat#: AS1270)			True	2015-08-18	ENCODE				1							ENCFF810TKP, ENCFF940AZB	26504138	ENCODE Processing Pipeline	0911c2b705a25ff61b9652de08e96a29		https://www.encodeproject.org/files/ENCFF305LMQ/@@download/ENCFF305LMQ.tsv	GRCh38	V24			released	s3://encode-public/2016/03/11/abf231a0-450f-48eb-b344-a6e3806ea8a0/ENCFF305LMQ.tsv				
